Columna Final - Mínimo: 1.0165, Máximo: 19705.0, Media: 2796.7687571428573

Columna Maximo - Mínimo: 4.0675, Máximo: 19875.0, Media: 3170.1133571428572

Columna Minimo - Mínimo: 1.0165, Máximo: 19675.0, Media: 3136.510471428572

Columna Volumen - Mínimo: 1221.0, Máximo: 3.6129692E7, Media: 4252278.514285714

Columna Efectivo - Mínimo: 2343.09, Máximo: 145765.44, Media: 31767.778000000006

